<?xml version="1.0" encoding="UTF-8"?>
<valores  xmlns:xsi="http://www.w3.org/2001/XMLSchema-instance"
	xmlns="./valores.xml"
	xsi:SchemaLocation="./valores.xsd">
	<accion>
		<mercado>Madrid</mercado>
		<nombre>Aceralia</nombre>
		<mercado-abierto>SÍ</mercado-abierto>
		<recomendación>3</recomendación>
		<fecha>
			<día>12</día>
			<mes>07</mes>
			<año>2002</año>
		</fecha>
	</accion>
	<accion>
		<mercado>Madrid</mercado>
		<nombre>Repsol</nombre>
		<mercado-abierto>SÍ</mercado-abierto>
		<recomendación>3</recomendación>
		<fecha>
			<día>12</día>
			<mes>07</mes>
			<año>2002</año>
		</fecha>
	</accion>
</valores>
