<?xml version="1.0" encoding="UFT-8"?>
<equiposFutbol>
    <equipo>
        <nombre>Real madrid</nombre>
        <ciudad>Madrid</ciudad>
        <entenador/>
        <plantilla>
            <jugador posicion="medio">
                <nombre>Casemiro</nombre>
                <nacionalidad>Brasileña</nacionalidad>
            </jugador>
            <jugador posicion="delantero">
                <nombre>Benzema</nombre>
                <nacionalidad>Francesa</nacionalidad>
            </jugador>
        </plantilla>
    </equipo>
    <equipo>
        <nombre>Atletico de Madrid</nombre>
        <ciudad>Madrid</ciudad>
        <entenador/>
        <plantilla>
            <jugador posicion="delantero">
                <nombre>Luis Suarez</nombre>
                <nacionalidad>Uruguaya</nacionalidad>
            </jugador>
            <jugador posicion="delantero">
                <nombre>Griezman</nombre>
                <nacionalidad>Francesa</nacionalidad>
            </jugador>
        </plantilla>
    </equipo>

</equiposFutbol>