<?xml version="1.0" encoding="UTF-8"?>
<editoriales xmlns:xsi="http://www.w3.org/2001/XMLSchema-instance" 
    xmlns="./editoriales.xml" 
    xsi:SchemaLocation="./editoriales.xsd">
    <editorial>
        <nombre>circulo rojo</nombre>
        <direccion>Salida 429 de la A7 - C/ Chillida, 4, planta 2 oficina 1</direccion>
        <email>info@editorialcirculorojo.com</email>
        <paginaWeb>https://editorialcirculorojo.com/</paginaWeb>
        <telefono>93 178 0614 </telefono>
        <fax> 941 446 227</fax>
        <libro isbn="9788411152723" >
            <titulo>Isaac Nirtt y las mil bestias</titulo>
            <autor>Paly</autor>
            <fecha>2022</fecha>
        </libro>
        <libro isbn="9788411153119">
            <titulo>Vuelo sin ti</titulo>
            <autor> María Sierra</autor>
            <fecha>2022</fecha>
        
        </libro>
    </editorial>

    <editorial>
        <nombre>Planeta de librps</nombre>
        <direccion>Av. Diagonal, 662-664</direccion>
        <email>info@editorialplanetalibros.com</email>
        <paginaWeb>https://www.planetadelibros.com/</paginaWeb>
        <telefono>93 178 0423 </telefono>
        <fax> 981 476 217</fax>
        <libro isbn="97884111533414">
            <titulo>info@editorialcirculorojo.com</titulo>
            <autor>David Jiménez</autor>
            <fecha>2022</fecha>
        </libro>
        <libro isbn="9788434533119">
            <titulo>Por si las voces vuelven</titulo>
            <autor>Ángel Martín</autor>
            <fecha>2022</fecha>
        </libro>
    </editorial>
        
    
</editoriales>
